mass	 D35 	 D40 	 D45 	 D50 	 D55 	 D60
10	 0.15	 0.13	 0.12	 0.10	 0.09	 0.09
15	 0.18	 0.16	 0.14	 0.13	 0.12	 0.11
20	 0.21	 0.18	 0.16	 0.15	 0.13	 0.12
25	 0.24	 0.21	 0.18	 0.16	 0.15	 0.14
30	 0.26	 0.23	 0.20	 0.18	 0.16	 0.15
35	 0.28	 0.24	 0.22	 0.20	 0.18	 0.16
40	 0.30	 0.26	 0.23	 0.21	 0.19	 0.17
45	 0.32	 0.28	 0.25	 0.22	 0.20	 0.18
50	 0.33	 0.29	 0.26	 0.23	 0.21	 0.19
55	 0.35	 0.31	 0.27	 0.24	 0.22	 0.20
60	 0.36	 0.32	 0.28	 0.26	 0.23	 0.21
65	 0.38	 0.33	 0.30	 0.27	 0.24	 0.22
70	 0.39	 0.34	 0.31	 0.28	 0.25	 0.23
75	 0.41	 0.36	 0.32	 0.29	 0.26	 0.24
80	 0.42	 0.37	 0.33	 0.29	 0.27	 0.25
85	 0.43	 0.38	 0.34	 0.30	 0.28	 0.25
90	 0.45	 0.39	 0.35	 0.31	 0.28	 0.26
95	 0.46	 0.40	 0.36	 0.32	 0.29	 0.27
100	 0.47	 0.41	 0.37	 0.33	 0.30	 0.27
105	 0.48	 0.42	 0.38	 0.34	 0.31	 0.28
110	 0.49	 0.43	 0.38	 0.35	 0.31	 0.29
115	 0.51	 0.44	 0.39	 0.35	 0.32	 0.29
120	 0.52	 0.45	 0.40	 0.36	 0.33	 0.30
125	 0.53	 0.46	 0.41	 0.37	 0.34	 0.31
130	 0.54	 0.47	 0.42	 0.38	 0.34	 0.31
135	 0.55	 0.48	 0.43	 0.38	 0.35	 0.32
140	 0.56	 0.49	 0.43	 0.39	 0.35	 0.33
145	 0.57	 0.50	 0.44	 0.40	 0.36	 0.33
150	 0.58	 0.50	 0.45	 0.40	 0.37	 0.34
155	 0.59	 0.51	 0.46	 0.41	 0.37	 0.34
160	 0.60	 0.52	 0.46	 0.42	 0.38	 0.35
165	 0.61	 0.53	 0.47	 0.42	 0.39	 0.35
170	 0.61	 0.54	 0.48	 0.43	 0.39	 0.36
175	 0.62	 0.55	 0.48	 0.44	 0.40	 0.36
180	 0.63	 0.55	 0.49	 0.44	 0.40	 0.37
185	 0.64	 0.56	 0.50	 0.45	 0.41	 0.37
190	 0.65	 0.57	 0.51	 0.45	 0.41	 0.38
195	 0.66	 0.58	 0.51	 0.46	 0.42	 0.38
200	 0.67	 0.58	 0.52	 0.47	 0.42	 0.39
205	 0.67	 0.59	 0.52	 0.47	 0.43	 0.39
210	 0.68	 0.60	 0.53	 0.48	 0.43	 0.40
215	 0.69	 0.60	 0.54	 0.48	 0.44	 0.40
220	 0.70	 0.61	 0.54	 0.49	 0.44	 0.41
225	 0.71	 0.62	 0.55	 0.49	 0.45	 0.41
230	 0.71	 0.63	 0.56	 0.50	 0.45	 0.42
235	 0.72	 0.63	 0.56	 0.51	 0.46	 0.42
240	 0.73	 0.64	 0.57	 0.51	 0.46	 0.43
245	 0.74	 0.65	 0.57	 0.52	 0.47	 0.43
250	 0.74	 0.65	 0.58	 0.52	 0.47	 0.43
255	 0.75	 0.66	 0.59	 0.53	 0.48	 0.44
260	 0.76	 0.66	 0.59	 0.53	 0.48	 0.44
265	 0.77	 0.67	 0.60	 0.54	 0.49	 0.45
270	 0.77	 0.68	 0.60	 0.54	 0.49	 0.45
275	 0.78	 0.68	 0.61	 0.55	 0.50	 0.46
280	 0.79	 0.69	 0.61	 0.55	 0.50	 0.46
285	 0.80	 0.70	 0.62	 0.56	 0.51	 0.46
290	 0.80	 0.70	 0.62	 0.56	 0.51	 0.47
295	 0.81	 0.71	 0.63	 0.57	 0.51	 0.47
300	 0.82	 0.71	 0.63	 0.57	 0.52	 0.48
305	 0.82	 0.72	 0.64	 0.58	 0.52	 0.48
310	 0.83	 0.73	 0.65	 0.58	 0.53	 0.48
315	 0.84	 0.73	 0.65	 0.59	 0.53	 0.49
320	 0.84	 0.74	 0.66	 0.59	 0.54	 0.49
325	 0.85	 0.74	 0.66	 0.59	 0.54	 0.50
330	 0.86	 0.75	 0.67	 0.60	 0.54	 0.50
335	 0.86	 0.75	 0.67	 0.60	 0.55	 0.50
340	 0.87	 0.76	 0.68	 0.61	 0.55	 0.51
345	 0.88	 0.77	 0.68	 0.61	 0.56	 0.51
350	 0.88	 0.77	 0.69	 0.62	 0.56	 0.51
355	 0.89	 0.78	 0.69	 0.62	 0.56	 0.52
360	 0.89	 0.78	 0.70	 0.63	 0.57	 0.52
365	 0.90	 0.79	 0.70	 0.63	 0.57	 0.53
370	 0.91	 0.79	 0.70	 0.63	 0.58	 0.53
375	 0.91	 0.80	 0.71	 0.64	 0.58	 0.53
380	 0.92	 0.80	 0.71	 0.64	 0.58	 0.54
385	 0.92	 0.81	 0.72	 0.65	 0.59	 0.54
390	 0.93	 0.81	 0.72	 0.65	 0.59	 0.54
395	 0.94	 0.82	 0.73	 0.66	 0.60	 0.55
400	 0.94	 0.82	 0.73	 0.66	 0.60	 0.55
405	 0.95	 0.83	 0.74	 0.66	 0.60	 0.55
410	 0.95	 0.83	 0.74	 0.67	 0.61	 0.56
415	 0.96	 0.84	 0.75	 0.67	 0.61	 0.56
420	 0.97	 0.84	 0.75	 0.68	 0.61	 0.56
425	 0.97	 0.85	 0.76	 0.68	 0.62	 0.57
430	 0.98	 0.85	 0.76	 0.68	 0.62	 0.57
435	 0.98	 0.86	 0.76	 0.69	 0.63	 0.57
440	 0.99	 0.86	 0.77	 0.69	 0.63	 0.58
445	 0.99	 0.87	 0.77	 0.70	 0.63	 0.58
450	 1.00	 0.87	 0.78	 0.70	 0.64	 0.58
455	 1.00	 0.88	 0.78	 0.70	 0.64	 0.59
460	 1.01	 0.88	 0.79	 0.71	 0.64	 0.59
465	 1.02	 0.89	 0.79	 0.71	 0.65	 0.59
470	 1.02	 0.89	 0.79	 0.71	 0.65	 0.60
475	 1.03	 0.90	 0.80	 0.72	 0.65	 0.60
480	 1.03	 0.90	 0.80	 0.72	 0.66	 0.60
485	 1.04	 0.91	 0.81	 0.73	 0.66	 0.61
490	 1.04	 0.91	 0.81	 0.73	 0.66	 0.61
495	 1.05	 0.92	 0.82	 0.73	 0.67	 0.61
500	 1.05	 0.92	 0.82	 0.74	 0.67	 0.61
505	 1.06	 0.93	 0.82	 0.74	 0.67	 0.62
510	 1.06	 0.93	 0.83	 0.74	 0.68	 0.62
515	 1.07	 0.94	 0.83	 0.75	 0.68	 0.62
520	 1.07	 0.94	 0.84	 0.75	 0.68	 0.63
525	 1.08	 0.94	 0.84	 0.76	 0.69	 0.63
530	 1.08	 0.95	 0.84	 0.76	 0.69	 0.63
535	 1.09	 0.95	 0.85	 0.76	 0.69	 0.64
540	 1.09	 0.96	 0.85	 0.77	 0.70	 0.64
545	 1.10	 0.96	 0.86	 0.77	 0.70	 0.64
550	 1.10	 0.97	 0.86	 0.77	 0.70	 0.64
555	 1.11	 0.97	 0.86	 0.78	 0.71	 0.65
560	 1.11	 0.98	 0.87	 0.78	 0.71	 0.65
565	 1.12	 0.98	 0.87	 0.78	 0.71	 0.65
570	 1.12	 0.98	 0.87	 0.79	 0.72	 0.66
575	 1.13	 0.99	 0.88	 0.79	 0.72	 0.66
580	 1.13	 0.99	 0.88	 0.79	 0.72	 0.66
585	 1.14	 1.00	 0.89	 0.80	 0.73	 0.66
590	 1.14	 1.00	 0.89	 0.80	 0.73	 0.67
595	 1.15	 1.01	 0.89	 0.80	 0.73	 0.67
600	 1.15	 1.01	 0.90	 0.81	 0.73	 0.67
605	 1.16	 1.01	 0.90	 0.81	 0.74	 0.68
610	 1.16	 1.02	 0.91	 0.81	 0.74	 0.68
615	 1.17	 1.02	 0.91	 0.82	 0.74	 0.68
620	 1.17	 1.03	 0.91	 0.82	 0.75	 0.68
625	 1.18	 1.03	 0.92	 0.82	 0.75	 0.69
630	 1.18	 1.03	 0.92	 0.83	 0.75	 0.69
635	 1.19	 1.04	 0.92	 0.83	 0.76	 0.69
640	 1.19	 1.04	 0.93	 0.83	 0.76	 0.70
645	 1.20	 1.05	 0.93	 0.84	 0.76	 0.70
650	 1.20	 1.05	 0.93	 0.84	 0.76	 0.70
655	 1.21	 1.06	 0.94	 0.84	 0.77	 0.70
660	 1.21	 1.06	 0.94	 0.85	 0.77	 0.71
665	 1.21	 1.06	 0.94	 0.85	 0.77	 0.71
670	 1.22	 1.07	 0.95	 0.85	 0.78	 0.71
675	 1.22	 1.07	 0.95	 0.86	 0.78	 0.71
680	 1.23	 1.07	 0.96	 0.86	 0.78	 0.72
685	 1.23	 1.08	 0.96	 0.86	 0.78	 0.72
690	 1.24	 1.08	 0.96	 0.87	 0.79	 0.72
695	 1.24	 1.09	 0.97	 0.87	 0.79	 0.72
700	 1.25	 1.09	 0.97	 0.87	 0.79	 0.73
705	 1.25	 1.09	 0.97	 0.88	 0.80	 0.73
710	 1.26	 1.10	 0.98	 0.88	 0.80	 0.73
715	 1.26	 1.10	 0.98	 0.88	 0.80	 0.73
720	 1.26	 1.11	 0.98	 0.88	 0.80	 0.74
725	 1.27	 1.11	 0.99	 0.89	 0.81	 0.74
730	 1.27	 1.11	 0.99	 0.89	 0.81	 0.74
735	 1.28	 1.12	 0.99	 0.89	 0.81	 0.75
740	 1.28	 1.12	 1.00	 0.90	 0.82	 0.75
745	 1.29	 1.13	 1.00	 0.90	 0.82	 0.75
750	 1.29	 1.13	 1.00	 0.90	 0.82	 0.75
755	 1.29	 1.13	 1.01	 0.91	 0.82	 0.76
760	 1.30	 1.14	 1.01	 0.91	 0.83	 0.76
765	 1.30	 1.14	 1.01	 0.91	 0.83	 0.76
770	 1.31	 1.14	 1.02	 0.92	 0.83	 0.76
775	 1.31	 1.15	 1.02	 0.92	 0.83	 0.77
780	 1.32	 1.15	 1.02	 0.92	 0.84	 0.77
785	 1.32	 1.15	 1.03	 0.92	 0.84	 0.77
790	 1.32	 1.16	 1.03	 0.93	 0.84	 0.77
795	 1.33	 1.16	 1.03	 0.93	 0.85	 0.77
800	 1.33	 1.17	 1.04	 0.93	 0.85	 0.78
805	 1.34	 1.17	 1.04	 0.94	 0.85	 0.78
810	 1.34	 1.17	 1.04	 0.94	 0.85	 0.78
815	 1.34	 1.18	 1.05	 0.94	 0.86	 0.78
820	 1.35	 1.18	 1.05	 0.94	 0.86	 0.79
825	 1.35	 1.18	 1.05	 0.95	 0.86	 0.79
830	 1.36	 1.19	 1.06	 0.95	 0.86	 0.79
835	 1.36	 1.19	 1.06	 0.95	 0.87	 0.79
840	 1.37	 1.19	 1.06	 0.96	 0.87	 0.80
845	 1.37	 1.20	 1.07	 0.96	 0.87	 0.80
850	 1.37	 1.20	 1.07	 0.96	 0.87	 0.80
855	 1.38	 1.21	 1.07	 0.96	 0.88	 0.80
860	 1.38	 1.21	 1.07	 0.97	 0.88	 0.81
865	 1.39	 1.21	 1.08	 0.97	 0.88	 0.81
870	 1.39	 1.22	 1.08	 0.97	 0.88	 0.81
875	 1.39	 1.22	 1.08	 0.98	 0.89	 0.81
880	 1.40	 1.22	 1.09	 0.98	 0.89	 0.82
885	 1.40	 1.23	 1.09	 0.98	 0.89	 0.82
890	 1.41	 1.23	 1.09	 0.98	 0.89	 0.82
895	 1.41	 1.23	 1.10	 0.99	 0.90	 0.82
900	 1.41	 1.24	 1.10	 0.99	 0.90	 0.82
905	 1.42	 1.24	 1.10	 0.99	 0.90	 0.83
910	 1.42	 1.24	 1.11	 0.99	 0.90	 0.83
915	 1.43	 1.25	 1.11	 1.00	 0.91	 0.83
920	 1.43	 1.25	 1.11	 1.00	 0.91	 0.83
925	 1.43	 1.25	 1.11	 1.00	 0.91	 0.84
930	 1.44	 1.26	 1.12	 1.01	 0.91	 0.84
935	 1.44	 1.26	 1.12	 1.01	 0.92	 0.84
940	 1.44	 1.26	 1.12	 1.01	 0.92	 0.84
945	 1.45	 1.27	 1.13	 1.01	 0.92	 0.84
950	 1.45	 1.27	 1.13	 1.02	 0.92	 0.85
955	 1.46	 1.27	 1.13	 1.02	 0.93	 0.85
960	 1.46	 1.28	 1.14	 1.02	 0.93	 0.85
965	 1.46	 1.28	 1.14	 1.02	 0.93	 0.85
970	 1.47	 1.28	 1.14	 1.03	 0.93	 0.86
975	 1.47	 1.29	 1.14	 1.03	 0.94	 0.86
980	 1.47	 1.29	 1.15	 1.03	 0.94	 0.86
985	 1.48	 1.29	 1.15	 1.04	 0.94	 0.86
990	 1.48	 1.30	 1.15	 1.04	 0.94	 0.86
995	 1.49	 1.30	 1.16	 1.04	 0.95	 0.87
1000	 1.49	 1.30	 1.16	 1.04	 0.95	 0.87
1005	 1.49	 1.31	 1.16	 1.05	 0.95	 0.87
1010	 1.50	 1.31	 1.16	 1.05	 0.95	 0.87
1015	 1.50	 1.31	 1.17	 1.05	 0.96	 0.88
1020	 1.50	 1.32	 1.17	 1.05	 0.96	 0.88
1025	 1.51	 1.32	 1.17	 1.06	 0.96	 0.88
1030	 1.51	 1.32	 1.18	 1.06	 0.96	 0.88
1035	 1.52	 1.33	 1.18	 1.06	 0.96	 0.88
1040	 1.52	 1.33	 1.18	 1.06	 0.97	 0.89
1045	 1.52	 1.33	 1.18	 1.07	 0.97	 0.89
1050	 1.53	 1.34	 1.19	 1.07	 0.97	 0.89
1055	 1.53	 1.34	 1.19	 1.07	 0.97	 0.89
1060	 1.53	 1.34	 1.19	 1.07	 0.98	 0.89
1065	 1.54	 1.35	 1.20	 1.08	 0.98	 0.90
1070	 1.54	 1.35	 1.20	 1.08	 0.98	 0.90
1075	 1.54	 1.35	 1.20	 1.08	 0.98	 0.90
1080	 1.55	 1.35	 1.20	 1.08	 0.99	 0.90
1085	 1.55	 1.36	 1.21	 1.09	 0.99	 0.91
1090	 1.56	 1.36	 1.21	 1.09	 0.99	 0.91
1095	 1.56	 1.36	 1.21	 1.09	 0.99	 0.91
1100	 1.56	 1.37	 1.22	 1.09	 0.99	 0.91
1105	 1.57	 1.37	 1.22	 1.10	 1.00	 0.91
1110	 1.57	 1.37	 1.22	 1.10	 1.00	 0.92
1115	 1.57	 1.38	 1.22	 1.10	 1.00	 0.92
1120	 1.58	 1.38	 1.23	 1.10	 1.00	 0.92
1125	 1.58	 1.38	 1.23	 1.11	 1.01	 0.92
1130	 1.58	 1.39	 1.23	 1.11	 1.01	 0.92
1135	 1.59	 1.39	 1.23	 1.11	 1.01	 0.93
1140	 1.59	 1.39	 1.24	 1.11	 1.01	 0.93
1145	 1.59	 1.39	 1.24	 1.12	 1.01	 0.93
1150	 1.60	 1.40	 1.24	 1.12	 1.02	 0.93
1155	 1.60	 1.40	 1.25	 1.12	 1.02	 0.93
1160	 1.60	 1.40	 1.25	 1.12	 1.02	 0.94
1165	 1.61	 1.41	 1.25	 1.13	 1.02	 0.94
1170	 1.61	 1.41	 1.25	 1.13	 1.03	 0.94
1175	 1.61	 1.41	 1.26	 1.13	 1.03	 0.94
1180	 1.62	 1.42	 1.26	 1.13	 1.03	 0.94
1185	 1.62	 1.42	 1.26	 1.14	 1.03	 0.95
1190	 1.63	 1.42	 1.26	 1.14	 1.03	 0.95
1195	 1.63	 1.43	 1.27	 1.14	 1.04	 0.95
1200	 1.63	 1.43	 1.27	 1.14	 1.04	 0.95
1205	 1.64	 1.43	 1.27	 1.14	 1.04	 0.95
1210	 1.64	 1.43	 1.27	 1.15	 1.04	 0.96
1215	 1.64	 1.44	 1.28	 1.15	 1.05	 0.96
1220	 1.65	 1.44	 1.28	 1.15	 1.05	 0.96
1225	 1.65	 1.44	 1.28	 1.15	 1.05	 0.96
1230	 1.65	 1.45	 1.29	 1.16	 1.05	 0.96
1235	 1.66	 1.45	 1.29	 1.16	 1.05	 0.97
1240	 1.66	 1.45	 1.29	 1.16	 1.06	 0.97
1245	 1.66	 1.45	 1.29	 1.16	 1.06	 0.97
1250	 1.67	 1.46	 1.30	 1.17	 1.06	 0.97
1255	 1.67	 1.46	 1.30	 1.17	 1.06	 0.97
1260	 1.67	 1.46	 1.30	 1.17	 1.06	 0.98
1265	 1.68	 1.47	 1.30	 1.17	 1.07	 0.98
1270	 1.68	 1.47	 1.31	 1.18	 1.07	 0.98
1275	 1.68	 1.47	 1.31	 1.18	 1.07	 0.98
1280	 1.69	 1.47	 1.31	 1.18	 1.07	 0.98
1285	 1.69	 1.48	 1.31	 1.18	 1.07	 0.99
1290	 1.69	 1.48	 1.32	 1.18	 1.08	 0.99
1295	 1.70	 1.48	 1.32	 1.19	 1.08	 0.99
1300	 1.70	 1.49	 1.32	 1.19	 1.08	 0.99
1305	 1.70	 1.49	 1.32	 1.19	 1.08	 0.99
1310	 1.71	 1.49	 1.33	 1.19	 1.09	 0.99
1315	 1.71	 1.49	 1.33	 1.20	 1.09	 1.00
1320	 1.71	 1.50	 1.33	 1.20	 1.09	 1.00
1325	 1.71	 1.50	 1.33	 1.20	 1.09	 1.00
1330	 1.72	 1.50	 1.34	 1.20	 1.09	 1.00
1335	 1.72	 1.51	 1.34	 1.20	 1.10	 1.00
1340	 1.72	 1.51	 1.34	 1.21	 1.10	 1.01
1345	 1.73	 1.51	 1.34	 1.21	 1.10	 1.01
1350	 1.73	 1.51	 1.35	 1.21	 1.10	 1.01
1355	 1.73	 1.52	 1.35	 1.21	 1.10	 1.01
1360	 1.74	 1.52	 1.35	 1.22	 1.11	 1.01
1365	 1.74	 1.52	 1.35	 1.22	 1.11	 1.02
1370	 1.74	 1.53	 1.36	 1.22	 1.11	 1.02
1375	 1.75	 1.53	 1.36	 1.22	 1.11	 1.02
1380	 1.75	 1.53	 1.36	 1.23	 1.11	 1.02
1385	 1.75	 1.53	 1.36	 1.23	 1.12	 1.02
1390	 1.76	 1.54	 1.37	 1.23	 1.12	 1.02
1395	 1.76	 1.54	 1.37	 1.23	 1.12	 1.03
1400	 1.76	 1.54	 1.37	 1.23	 1.12	 1.03
1405	 1.77	 1.55	 1.37	 1.24	 1.12	 1.03
1410	 1.77	 1.55	 1.38	 1.24	 1.13	 1.03
1415	 1.77	 1.55	 1.38	 1.24	 1.13	 1.03
1420	 1.78	 1.55	 1.38	 1.24	 1.13	 1.04
1425	 1.78	 1.56	 1.38	 1.24	 1.13	 1.04
1430	 1.78	 1.56	 1.39	 1.25	 1.13	 1.04
1435	 1.78	 1.56	 1.39	 1.25	 1.14	 1.04
1440	 1.79	 1.56	 1.39	 1.25	 1.14	 1.04
1445	 1.79	 1.57	 1.39	 1.25	 1.14	 1.04
1450	 1.79	 1.57	 1.40	 1.26	 1.14	 1.05
1455	 1.80	 1.57	 1.40	 1.26	 1.14	 1.05
1460	 1.80	 1.58	 1.40	 1.26	 1.15	 1.05
1465	 1.80	 1.58	 1.40	 1.26	 1.15	 1.05
1470	 1.81	 1.58	 1.40	 1.26	 1.15	 1.05
1475	 1.81	 1.58	 1.41	 1.27	 1.15	 1.06
1480	 1.81	 1.59	 1.41	 1.27	 1.15	 1.06
1485	 1.82	 1.59	 1.41	 1.27	 1.16	 1.06
1490	 1.82	 1.59	 1.41	 1.27	 1.16	 1.06
1495	 1.82	 1.59	 1.42	 1.28	 1.16	 1.06
1500	 1.82	 1.60	 1.42	 1.28	 1.16	 1.06
1505	 1.83	 1.60	 1.42	 1.28	 1.16	 1.07
1510	 1.83	 1.60	 1.42	 1.28	 1.17	 1.07
1515	 1.83	 1.60	 1.43	 1.28	 1.17	 1.07
1520	 1.84	 1.61	 1.43	 1.29	 1.17	 1.07
1525	 1.84	 1.61	 1.43	 1.29	 1.17	 1.07
1530	 1.84	 1.61	 1.43	 1.29	 1.17	 1.07
1535	 1.85	 1.62	 1.44	 1.29	 1.17	 1.08
1540	 1.85	 1.62	 1.44	 1.29	 1.18	 1.08
1545	 1.85	 1.62	 1.44	 1.30	 1.18	 1.08
1550	 1.85	 1.62	 1.44	 1.30	 1.18	 1.08
1555	 1.86	 1.63	 1.44	 1.30	 1.18	 1.08
1560	 1.86	 1.63	 1.45	 1.30	 1.18	 1.09
1565	 1.86	 1.63	 1.45	 1.30	 1.19	 1.09
1570	 1.87	 1.63	 1.45	 1.31	 1.19	 1.09
1575	 1.87	 1.64	 1.45	 1.31	 1.19	 1.09
1580	 1.87	 1.64	 1.46	 1.31	 1.19	 1.09
1585	 1.88	 1.64	 1.46	 1.31	 1.19	 1.09
1590	 1.88	 1.64	 1.46	 1.32	 1.20	 1.10
1595	 1.88	 1.65	 1.46	 1.32	 1.20	 1.10
1600	 1.88	 1.65	 1.47	 1.32	 1.20	 1.10
1605	 1.89	 1.65	 1.47	 1.32	 1.20	 1.10
1610	 1.89	 1.65	 1.47	 1.32	 1.20	 1.10
1615	 1.89	 1.66	 1.47	 1.33	 1.20	 1.10
1620	 1.90	 1.66	 1.47	 1.33	 1.21	 1.11
1625	 1.90	 1.66	 1.48	 1.33	 1.21	 1.11
1630	 1.90	 1.66	 1.48	 1.33	 1.21	 1.11
1635	 1.91	 1.67	 1.48	 1.33	 1.21	 1.11
1640	 1.91	 1.67	 1.48	 1.34	 1.21	 1.11
1645	 1.91	 1.67	 1.49	 1.34	 1.22	 1.11
1650	 1.91	 1.67	 1.49	 1.34	 1.22	 1.12
1655	 1.92	 1.68	 1.49	 1.34	 1.22	 1.12
1660	 1.92	 1.68	 1.49	 1.34	 1.22	 1.12
1665	 1.92	 1.68	 1.50	 1.35	 1.22	 1.12
1670	 1.93	 1.68	 1.50	 1.35	 1.23	 1.12
1675	 1.93	 1.69	 1.50	 1.35	 1.23	 1.12
1680	 1.93	 1.69	 1.50	 1.35	 1.23	 1.13
1685	 1.93	 1.69	 1.50	 1.35	 1.23	 1.13
1690	 1.94	 1.69	 1.51	 1.36	 1.23	 1.13
1695	 1.94	 1.70	 1.51	 1.36	 1.23	 1.13
1700	 1.94	 1.70	 1.51	 1.36	 1.24	 1.13
1705	 1.95	 1.70	 1.51	 1.36	 1.24	 1.13
1710	 1.95	 1.70	 1.52	 1.36	 1.24	 1.14
1715	 1.95	 1.71	 1.52	 1.37	 1.24	 1.14
1720	 1.95	 1.71	 1.52	 1.37	 1.24	 1.14
1725	 1.96	 1.71	 1.52	 1.37	 1.25	 1.14
1730	 1.96	 1.71	 1.52	 1.37	 1.25	 1.14
1735	 1.96	 1.72	 1.53	 1.37	 1.25	 1.14
1740	 1.97	 1.72	 1.53	 1.38	 1.25	 1.15
1745	 1.97	 1.72	 1.53	 1.38	 1.25	 1.15
1750	 1.97	 1.72	 1.53	 1.38	 1.25	 1.15
1755	 1.97	 1.73	 1.54	 1.38	 1.26	 1.15
1760	 1.98	 1.73	 1.54	 1.38	 1.26	 1.15
1765	 1.98	 1.73	 1.54	 1.39	 1.26	 1.15
1770	 1.98	 1.73	 1.54	 1.39	 1.26	 1.16
1775	 1.98	 1.74	 1.54	 1.39	 1.26	 1.16
1780	 1.99	 1.74	 1.55	 1.39	 1.26	 1.16
1785	 1.99	 1.74	 1.55	 1.39	 1.27	 1.16
1790	 1.99	 1.74	 1.55	 1.40	 1.27	 1.16
1795	 2.00	 1.75	 1.55	 1.40	 1.27	 1.16
1800	 2.00	 1.75	 1.55	 1.40	 1.27	 1.17
1805	 2.00	 1.75	 1.56	 1.40	 1.27	 1.17
1810	 2.00	 1.75	 1.56	 1.40	 1.28	 1.17
1815	 2.01	 1.76	 1.56	 1.40	 1.28	 1.17
1820	 2.01	 1.76	 1.56	 1.41	 1.28	 1.17
1825	 2.01	 1.76	 1.57	 1.41	 1.28	 1.17
1830	 2.02	 1.76	 1.57	 1.41	 1.28	 1.18
1835	 2.02	 1.77	 1.57	 1.41	 1.28	 1.18
1840	 2.02	 1.77	 1.57	 1.41	 1.29	 1.18
1845	 2.02	 1.77	 1.57	 1.42	 1.29	 1.18
1850	 2.03	 1.77	 1.58	 1.42	 1.29	 1.18
1855	 2.03	 1.78	 1.58	 1.42	 1.29	 1.18
1860	 2.03	 1.78	 1.58	 1.42	 1.29	 1.19
1865	 2.03	 1.78	 1.58	 1.42	 1.29	 1.19
1870	 2.04	 1.78	 1.58	 1.43	 1.30	 1.19
1875	 2.04	 1.79	 1.59	 1.43	 1.30	 1.19
1880	 2.04	 1.79	 1.59	 1.43	 1.30	 1.19
1885	 2.05	 1.79	 1.59	 1.43	 1.30	 1.19
1890	 2.05	 1.79	 1.59	 1.43	 1.30	 1.19
1895	 2.05	 1.79	 1.60	 1.44	 1.31	 1.20
1900	 2.05	 1.80	 1.60	 1.44	 1.31	 1.20
1905	 2.06	 1.80	 1.60	 1.44	 1.31	 1.20
1910	 2.06	 1.80	 1.60	 1.44	 1.31	 1.20
1915	 2.06	 1.80	 1.60	 1.44	 1.31	 1.20
1920	 2.06	 1.81	 1.61	 1.45	 1.31	 1.20
1925	 2.07	 1.81	 1.61	 1.45	 1.32	 1.21
1930	 2.07	 1.81	 1.61	 1.45	 1.32	 1.21
1935	 2.07	 1.81	 1.61	 1.45	 1.32	 1.21
1940	 2.08	 1.82	 1.61	 1.45	 1.32	 1.21
1945	 2.08	 1.82	 1.62	 1.45	 1.32	 1.21
1950	 2.08	 1.82	 1.62	 1.46	 1.32	 1.21
1955	 2.08	 1.82	 1.62	 1.46	 1.33	 1.22
1960	 2.09	 1.83	 1.62	 1.46	 1.33	 1.22
1965	 2.09	 1.83	 1.62	 1.46	 1.33	 1.22
1970	 2.09	 1.83	 1.63	 1.46	 1.33	 1.22
1975	 2.09	 1.83	 1.63	 1.47	 1.33	 1.22
1980	 2.10	 1.83	 1.63	 1.47	 1.33	 1.22
1985	 2.10	 1.84	 1.63	 1.47	 1.34	 1.22
1990	 2.10	 1.84	 1.63	 1.47	 1.34	 1.23
1995	 2.10	 1.84	 1.64	 1.47	 1.34	 1.23
2000	 2.11	 1.84	 1.64	 1.47	 1.34	 1.23
2005	 2.11	 1.85	 1.64	 1.48	 1.34	 1.23
2010	 2.11	 1.85	 1.64	 1.48	 1.34	 1.23
2015	 2.11	 1.85	 1.64	 1.48	 1.35	 1.23
2020	 2.12	 1.85	 1.65	 1.48	 1.35	 1.24
2025	 2.12	 1.86	 1.65	 1.48	 1.35	 1.24
2030	 2.12	 1.86	 1.65	 1.49	 1.35	 1.24
2035	 2.13	 1.86	 1.65	 1.49	 1.35	 1.24
2040	 2.13	 1.86	 1.66	 1.49	 1.35	 1.24
2045	 2.13	 1.86	 1.66	 1.49	 1.36	 1.24
2050	 2.13	 1.87	 1.66	 1.49	 1.36	 1.24
2055	 2.14	 1.87	 1.66	 1.50	 1.36	 1.25
2060	 2.14	 1.87	 1.66	 1.50	 1.36	 1.25
2065	 2.14	 1.87	 1.67	 1.50	 1.36	 1.25
2070	 2.14	 1.88	 1.67	 1.50	 1.36	 1.25
2075	 2.15	 1.88	 1.67	 1.50	 1.37	 1.25
2080	 2.15	 1.88	 1.67	 1.50	 1.37	 1.25
2085	 2.15	 1.88	 1.67	 1.51	 1.37	 1.25
2090	 2.15	 1.88	 1.68	 1.51	 1.37	 1.26
2095	 2.16	 1.89	 1.68	 1.51	 1.37	 1.26
2100	 2.16	 1.89	 1.68	 1.51	 1.37	 1.26
2105	 2.16	 1.89	 1.68	 1.51	 1.38	 1.26
2110	 2.16	 1.89	 1.68	 1.51	 1.38	 1.26
2115	 2.17	 1.90	 1.69	 1.52	 1.38	 1.26
2120	 2.17	 1.90	 1.69	 1.52	 1.38	 1.27
2125	 2.17	 1.90	 1.69	 1.52	 1.38	 1.27
2130	 2.17	 1.90	 1.69	 1.52	 1.38	 1.27
2135	 2.18	 1.90	 1.69	 1.52	 1.39	 1.27
2140	 2.18	 1.91	 1.70	 1.53	 1.39	 1.27
2145	 2.18	 1.91	 1.70	 1.53	 1.39	 1.27
2150	 2.18	 1.91	 1.70	 1.53	 1.39	 1.27
2155	 2.19	 1.91	 1.70	 1.53	 1.39	 1.28
2160	 2.19	 1.92	 1.70	 1.53	 1.39	 1.28
2165	 2.19	 1.92	 1.70	 1.53	 1.39	 1.28
2170	 2.19	 1.92	 1.71	 1.54	 1.40	 1.28
2175	 2.20	 1.92	 1.71	 1.54	 1.40	 1.28
2180	 2.20	 1.92	 1.71	 1.54	 1.40	 1.28
2185	 2.20	 1.93	 1.71	 1.54	 1.40	 1.28
2190	 2.20	 1.93	 1.71	 1.54	 1.40	 1.29
2195	 2.21	 1.93	 1.72	 1.55	 1.40	 1.29
2200	 2.21	 1.93	 1.72	 1.55	 1.41	 1.29
2205	 2.21	 1.94	 1.72	 1.55	 1.41	 1.29
2210	 2.21	 1.94	 1.72	 1.55	 1.41	 1.29
2215	 2.22	 1.94	 1.72	 1.55	 1.41	 1.29
2220	 2.22	 1.94	 1.73	 1.55	 1.41	 1.29
2225	 2.22	 1.94	 1.73	 1.56	 1.41	 1.30
2230	 2.22	 1.95	 1.73	 1.56	 1.42	 1.30
2235	 2.23	 1.95	 1.73	 1.56	 1.42	 1.30
2240	 2.23	 1.95	 1.73	 1.56	 1.42	 1.30
2245	 2.23	 1.95	 1.74	 1.56	 1.42	 1.30
2250	 2.23	 1.96	 1.74	 1.56	 1.42	 1.30
2255	 2.24	 1.96	 1.74	 1.57	 1.42	 1.31
2260	 2.24	 1.96	 1.74	 1.57	 1.43	 1.31
2265	 2.24	 1.96	 1.74	 1.57	 1.43	 1.31
2270	 2.24	 1.96	 1.75	 1.57	 1.43	 1.31
2275	 2.25	 1.97	 1.75	 1.57	 1.43	 1.31
2280	 2.25	 1.97	 1.75	 1.57	 1.43	 1.31
2285	 2.25	 1.97	 1.75	 1.58	 1.43	 1.31
2290	 2.25	 1.97	 1.75	 1.58	 1.43	 1.32
2295	 2.26	 1.97	 1.76	 1.58	 1.44	 1.32
2300	 2.26	 1.98	 1.76	 1.58	 1.44	 1.32
2305	 2.26	 1.98	 1.76	 1.58	 1.44	 1.32
2310	 2.26	 1.98	 1.76	 1.59	 1.44	 1.32
2315	 2.27	 1.98	 1.76	 1.59	 1.44	 1.32
2320	 2.27	 1.99	 1.76	 1.59	 1.44	 1.32
2325	 2.27	 1.99	 1.77	 1.59	 1.45	 1.33
2330	 2.27	 1.99	 1.77	 1.59	 1.45	 1.33
2335	 2.28	 1.99	 1.77	 1.59	 1.45	 1.33
2340	 2.28	 1.99	 1.77	 1.60	 1.45	 1.33
2345	 2.28	 2.00	 1.77	 1.60	 1.45	 1.33
2350	 2.28	 2.00	 1.78	 1.60	 1.45	 1.33
2355	 2.29	 2.00	 1.78	 1.60	 1.45	 1.33
2360	 2.29	 2.00	 1.78	 1.60	 1.46	 1.34
2365	 2.29	 2.00	 1.78	 1.60	 1.46	 1.34
2370	 2.29	 2.01	 1.78	 1.61	 1.46	 1.34
2375	 2.30	 2.01	 1.79	 1.61	 1.46	 1.34
2380	 2.30	 2.01	 1.79	 1.61	 1.46	 1.34
2385	 2.30	 2.01	 1.79	 1.61	 1.46	 1.34
2390	 2.30	 2.02	 1.79	 1.61	 1.47	 1.34
2395	 2.31	 2.02	 1.79	 1.61	 1.47	 1.34
2400	 2.31	 2.02	 1.80	 1.62	 1.47	 1.35
2405	 2.31	 2.02	 1.80	 1.62	 1.47	 1.35
2410	 2.31	 2.02	 1.80	 1.62	 1.47	 1.35
2415	 2.32	 2.03	 1.80	 1.62	 1.47	 1.35
2420	 2.32	 2.03	 1.80	 1.62	 1.47	 1.35
2425	 2.32	 2.03	 1.80	 1.62	 1.48	 1.35
2430	 2.32	 2.03	 1.81	 1.63	 1.48	 1.35
2435	 2.32	 2.03	 1.81	 1.63	 1.48	 1.36
2440	 2.33	 2.04	 1.81	 1.63	 1.48	 1.36
2445	 2.33	 2.04	 1.81	 1.63	 1.48	 1.36
2450	 2.33	 2.04	 1.81	 1.63	 1.48	 1.36
2455	 2.33	 2.04	 1.82	 1.63	 1.49	 1.36
2460	 2.34	 2.04	 1.82	 1.64	 1.49	 1.36
2465	 2.34	 2.05	 1.82	 1.64	 1.49	 1.36
2470	 2.34	 2.05	 1.82	 1.64	 1.49	 1.37
2475	 2.34	 2.05	 1.82	 1.64	 1.49	 1.37
2480	 2.35	 2.05	 1.82	 1.64	 1.49	 1.37
2485	 2.35	 2.05	 1.83	 1.64	 1.49	 1.37
2490	 2.35	 2.06	 1.83	 1.65	 1.50	 1.37
2495	 2.35	 2.06	 1.83	 1.65	 1.50	 1.37
2500	 2.36	 2.06	 1.83	 1.65	 1.50	 1.37
2505	 2.36	 2.06	 1.83	 1.65	 1.50	 1.38
2510	 2.36	 2.07	 1.84	 1.65	 1.50	 1.38
2515	 2.36	 2.07	 1.84	 1.65	 1.50	 1.38
2520	 2.37	 2.07	 1.84	 1.66	 1.51	 1.38
2525	 2.37	 2.07	 1.84	 1.66	 1.51	 1.38
2530	 2.37	 2.07	 1.84	 1.66	 1.51	 1.38
2535	 2.37	 2.08	 1.84	 1.66	 1.51	 1.38
2540	 2.37	 2.08	 1.85	 1.66	 1.51	 1.39
2545	 2.38	 2.08	 1.85	 1.66	 1.51	 1.39
2550	 2.38	 2.08	 1.85	 1.67	 1.51	 1.39
2555	 2.38	 2.08	 1.85	 1.67	 1.52	 1.39
2560	 2.38	 2.09	 1.85	 1.67	 1.52	 1.39
2565	 2.39	 2.09	 1.86	 1.67	 1.52	 1.39
2570	 2.39	 2.09	 1.86	 1.67	 1.52	 1.39
2575	 2.39	 2.09	 1.86	 1.67	 1.52	 1.39
2580	 2.39	 2.09	 1.86	 1.68	 1.52	 1.40
2585	 2.40	 2.10	 1.86	 1.68	 1.52	 1.40
2590	 2.40	 2.10	 1.86	 1.68	 1.53	 1.40
2595	 2.40	 2.10	 1.87	 1.68	 1.53	 1.40
2600	 2.40	 2.10	 1.87	 1.68	 1.53	 1.40
2605	 2.40	 2.10	 1.87	 1.68	 1.53	 1.40
2610	 2.41	 2.11	 1.87	 1.68	 1.53	 1.40
2615	 2.41	 2.11	 1.87	 1.69	 1.53	 1.41
2620	 2.41	 2.11	 1.88	 1.69	 1.53	 1.41
2625	 2.41	 2.11	 1.88	 1.69	 1.54	 1.41
2630	 2.42	 2.11	 1.88	 1.69	 1.54	 1.41
2635	 2.42	 2.12	 1.88	 1.69	 1.54	 1.41
2640	 2.42	 2.12	 1.88	 1.69	 1.54	 1.41
2645	 2.42	 2.12	 1.88	 1.70	 1.54	 1.41
2650	 2.43	 2.12	 1.89	 1.70	 1.54	 1.41
2655	 2.43	 2.12	 1.89	 1.70	 1.54	 1.42
2660	 2.43	 2.13	 1.89	 1.70	 1.55	 1.42
2665	 2.43	 2.13	 1.89	 1.70	 1.55	 1.42
2670	 2.43	 2.13	 1.89	 1.70	 1.55	 1.42
2675	 2.44	 2.13	 1.90	 1.71	 1.55	 1.42
2680	 2.44	 2.13	 1.90	 1.71	 1.55	 1.42
2685	 2.44	 2.14	 1.90	 1.71	 1.55	 1.42
2690	 2.44	 2.14	 1.90	 1.71	 1.55	 1.43
2695	 2.45	 2.14	 1.90	 1.71	 1.56	 1.43
2700	 2.45	 2.14	 1.90	 1.71	 1.56	 1.43
2705	 2.45	 2.14	 1.91	 1.72	 1.56	 1.43
2710	 2.45	 2.15	 1.91	 1.72	 1.56	 1.43
2715	 2.45	 2.15	 1.91	 1.72	 1.56	 1.43
2720	 2.46	 2.15	 1.91	 1.72	 1.56	 1.43
2725	 2.46	 2.15	 1.91	 1.72	 1.57	 1.43
2730	 2.46	 2.15	 1.91	 1.72	 1.57	 1.44
2735	 2.46	 2.16	 1.92	 1.72	 1.57	 1.44
2740	 2.47	 2.16	 1.92	 1.73	 1.57	 1.44
2745	 2.47	 2.16	 1.92	 1.73	 1.57	 1.44
2750	 2.47	 2.16	 1.92	 1.73	 1.57	 1.44
2755	 2.47	 2.16	 1.92	 1.73	 1.57	 1.44
2760	 2.48	 2.17	 1.93	 1.73	 1.58	 1.44
2765	 2.48	 2.17	 1.93	 1.73	 1.58	 1.45
2770	 2.48	 2.17	 1.93	 1.74	 1.58	 1.45
2775	 2.48	 2.17	 1.93	 1.74	 1.58	 1.45
2780	 2.48	 2.17	 1.93	 1.74	 1.58	 1.45
2785	 2.49	 2.18	 1.93	 1.74	 1.58	 1.45
2790	 2.49	 2.18	 1.94	 1.74	 1.58	 1.45
2795	 2.49	 2.18	 1.94	 1.74	 1.59	 1.45
2800	 2.49	 2.18	 1.94	 1.75	 1.59	 1.45
2805	 2.50	 2.18	 1.94	 1.75	 1.59	 1.46
2810	 2.50	 2.19	 1.94	 1.75	 1.59	 1.46
2815	 2.50	 2.19	 1.94	 1.75	 1.59	 1.46
2820	 2.50	 2.19	 1.95	 1.75	 1.59	 1.46
2825	 2.50	 2.19	 1.95	 1.75	 1.59	 1.46
2830	 2.51	 2.19	 1.95	 1.75	 1.59	 1.46
2835	 2.51	 2.19	 1.95	 1.76	 1.60	 1.46
2840	 2.51	 2.20	 1.95	 1.76	 1.60	 1.46
2845	 2.51	 2.20	 1.95	 1.76	 1.60	 1.47
2850	 2.52	 2.20	 1.96	 1.76	 1.60	 1.47
2855	 2.52	 2.20	 1.96	 1.76	 1.60	 1.47
2860	 2.52	 2.20	 1.96	 1.76	 1.60	 1.47
2865	 2.52	 2.21	 1.96	 1.77	 1.60	 1.47
2870	 2.52	 2.21	 1.96	 1.77	 1.61	 1.47
2875	 2.53	 2.21	 1.96	 1.77	 1.61	 1.47
2880	 2.53	 2.21	 1.97	 1.77	 1.61	 1.47
2885	 2.53	 2.21	 1.97	 1.77	 1.61	 1.48
2890	 2.53	 2.22	 1.97	 1.77	 1.61	 1.48
2895	 2.53	 2.22	 1.97	 1.77	 1.61	 1.48
2900	 2.54	 2.22	 1.97	 1.78	 1.61	 1.48
2905	 2.54	 2.22	 1.97	 1.78	 1.62	 1.48
2910	 2.54	 2.22	 1.98	 1.78	 1.62	 1.48
2915	 2.54	 2.23	 1.98	 1.78	 1.62	 1.48
2920	 2.55	 2.23	 1.98	 1.78	 1.62	 1.49
2925	 2.55	 2.23	 1.98	 1.78	 1.62	 1.49
2930	 2.55	 2.23	 1.98	 1.79	 1.62	 1.49
2935	 2.55	 2.23	 1.99	 1.79	 1.62	 1.49
2940	 2.55	 2.24	 1.99	 1.79	 1.63	 1.49
2945	 2.56	 2.24	 1.99	 1.79	 1.63	 1.49
2950	 2.56	 2.24	 1.99	 1.79	 1.63	 1.49
2955	 2.56	 2.24	 1.99	 1.79	 1.63	 1.49
2960	 2.56	 2.24	 1.99	 1.79	 1.63	 1.50
2965	 2.57	 2.24	 2.00	 1.80	 1.63	 1.50
2970	 2.57	 2.25	 2.00	 1.80	 1.63	 1.50
2975	 2.57	 2.25	 2.00	 1.80	 1.64	 1.50
2980	 2.57	 2.25	 2.00	 1.80	 1.64	 1.50
2985	 2.57	 2.25	 2.00	 1.80	 1.64	 1.50
2990	 2.58	 2.25	 2.00	 1.80	 1.64	 1.50
2995	 2.58	 2.26	 2.01	 1.80	 1.64	 1.50
3000	 2.58	 2.26	 2.01	 1.81	 1.64	 1.51